{"cameraMode":{"drawMode":0,"name":"Shaded","section":"Shading Mode"},"sceneLighting":false,"audioPlay":false,"sceneViewState":{"showFog":true,"showMaterialUpdate":false,"showSkybox":true,"showFlares":true,"showImageEffects":true,"showParticleSystems":true},"in2DMode":false,"pivot":{"x":-0.8919663429260254,"y":1.1200000047683716,"z":15.199999809265137},"rotation":{"x":-0.266147255897522,"y":-0.555641233921051,"z":0.1936679482460022,"w":-0.7635233402252197},"size":2.8578836917877199,"orthographic":false}