{"cameraMode":{"drawMode":0,"name":"Shaded","section":"Shading Mode"},"sceneLighting":false,"audioPlay":false,"sceneViewState":{"showFog":true,"showMaterialUpdate":false,"showSkybox":true,"showFlares":true,"showImageEffects":true,"showParticleSystems":true},"in2DMode":false,"pivot":{"x":0.0,"y":0.15667468309402467,"z":0.48875686526298525},"rotation":{"x":0.052720192819833758,"y":0.9462706446647644,"z":-0.20199677348136903,"w":0.2469731718301773},"size":2.9138035774230959,"orthographic":false}