{"cameraMode":{"drawMode":0,"name":"Shaded","section":"Shading Mode"},"sceneLighting":false,"audioPlay":false,"sceneViewState":{"showFog":true,"showMaterialUpdate":false,"showSkybox":true,"showFlares":true,"showImageEffects":true,"showParticleSystems":true},"in2DMode":false,"pivot":{"x":0.10365688800811768,"y":1.5875632762908936,"z":1.524339199066162},"rotation":{"x":0.13529349863529206,"y":-0.05199208855628967,"z":0.007109431084245443,"w":0.989415168762207},"size":9.826640129089356,"orthographic":false}