{"cameraMode":{"drawMode":0,"name":"Shaded","section":"Shading Mode"},"sceneLighting":false,"audioPlay":false,"sceneViewState":{"showFog":true,"showMaterialUpdate":false,"showSkybox":true,"showFlares":true,"showImageEffects":true,"showParticleSystems":true},"in2DMode":false,"pivot":{"x":0.613045871257782,"y":-0.04886484146118164,"z":-0.059639930725097659},"rotation":{"x":0.4529198706150055,"y":0.054769061505794528,"z":-0.02788974530994892,"w":0.8894305229187012},"size":3.900056838989258,"orthographic":false}