{"cameraMode":{"drawMode":0,"name":"Shaded","section":"Shading Mode"},"sceneLighting":false,"audioPlay":false,"sceneViewState":{"showFog":true,"showMaterialUpdate":false,"showSkybox":true,"showFlares":true,"showImageEffects":true,"showParticleSystems":true},"in2DMode":false,"pivot":{"x":-0.5676889419555664,"y":5.870362281799316,"z":0.7759151458740234},"rotation":{"x":0.07831606268882752,"y":-0.11191382259130478,"z":0.008875961415469647,"w":0.990603506565094},"size":49.94729995727539,"orthographic":false}