{"cameraMode":{"drawMode":0,"name":"Shaded","section":"Shading Mode"},"sceneLighting":false,"audioPlay":false,"sceneViewState":{"showFog":true,"showMaterialUpdate":false,"showSkybox":true,"showFlares":true,"showImageEffects":true,"showParticleSystems":true},"in2DMode":false,"pivot":{"x":-0.05785727500915527,"y":1.5544254779815674,"z":0.14822959899902345},"rotation":{"x":0.13529349863529206,"y":-0.05199208855628967,"z":0.007109431084245443,"w":0.989415168762207},"size":6.232778549194336,"orthographic":false}