{"cameraMode":{"drawMode":0,"name":"Shaded","section":"Shading Mode"},"sceneLighting":false,"audioPlay":false,"sceneViewState":{"showFog":true,"showMaterialUpdate":false,"showSkybox":true,"showFlares":true,"showImageEffects":true,"showParticleSystems":true},"in2DMode":false,"pivot":{"x":5.701569557189941,"y":1.399999976158142,"z":-10.780973434448243},"rotation":{"x":0.13529349863529206,"y":-0.05199208855628967,"z":0.007109431084245443,"w":0.989415168762207},"size":0.00005634145418298431,"orthographic":false}