{"cameraMode":{"drawMode":0,"name":"Shaded","section":"Shading Mode"},"sceneLighting":false,"audioPlay":false,"sceneViewState":{"showFog":true,"showMaterialUpdate":false,"showSkybox":true,"showFlares":true,"showImageEffects":true,"showParticleSystems":true},"in2DMode":false,"pivot":{"x":0.16766810417175294,"y":1.7106478214263917,"z":1.6550350189208985},"rotation":{"x":0.13529349863529206,"y":-0.05199208855628967,"z":0.007109431084245443,"w":0.989415168762207},"size":6.605663776397705,"orthographic":false}