{"cameraMode":{"drawMode":0,"name":"Shaded","section":"Shading Mode"},"sceneLighting":false,"audioPlay":false,"sceneViewState":{"showFog":true,"showMaterialUpdate":false,"showSkybox":true,"showFlares":true,"showImageEffects":true,"showParticleSystems":true},"in2DMode":false,"pivot":{"x":-4.245995044708252,"y":0.8949999809265137,"z":-8.03488540649414},"rotation":{"x":0.19108359515666963,"y":-0.3434876501560211,"z":0.07159765064716339,"w":0.9167219996452332},"size":-1.7999439239501954,"orthographic":false}