{"cameraMode":{"drawMode":0,"name":"Shaded","section":"Shading Mode"},"sceneLighting":false,"audioPlay":false,"sceneViewState":{"showFog":true,"showMaterialUpdate":false,"showSkybox":true,"showFlares":true,"showImageEffects":true,"showParticleSystems":true},"in2DMode":false,"pivot":{"x":0.0898628979921341,"y":1.3923484086990357,"z":-0.02794363535940647},"rotation":{"x":-0.015082231722772122,"y":0.9846083521842957,"z":-0.11005143821239472,"w":-0.13493792712688447},"size":8.101449966430664,"orthographic":false}