{"cameraMode":{"drawMode":0,"name":"Shaded","section":"Shading Mode"},"sceneLighting":false,"audioPlay":false,"sceneViewState":{"showFog":true,"showMaterialUpdate":false,"showSkybox":true,"showFlares":true,"showImageEffects":true,"showParticleSystems":true},"in2DMode":false,"pivot":{"x":4.424076557159424,"y":3.1663870811462404,"z":14.791019439697266},"rotation":{"x":0.42595016956329348,"y":-0.036625564098358157,"z":0.017260417342185975,"w":0.9038403630256653},"size":1.415353536605835,"orthographic":false}