{"cameraMode":{"drawMode":0,"name":"Shaded","section":"Shading Mode"},"sceneLighting":false,"audioPlay":false,"sceneViewState":{"showFog":true,"showMaterialUpdate":false,"showSkybox":true,"showFlares":true,"showImageEffects":true,"showParticleSystems":true},"in2DMode":false,"pivot":{"x":671.8475952148438,"y":254.75921630859376,"z":27.02801513671875},"rotation":{"x":-0.12714925408363343,"y":-0.009514719247817994,"z":0.001219735131599009,"w":-0.9918382167816162},"size":1091.9884033203125,"orthographic":false}