{"cameraMode":{"drawMode":0,"name":"Shaded","section":"Shading Mode"},"sceneLighting":false,"audioPlay":false,"sceneViewState":{"showFog":true,"showMaterialUpdate":false,"showSkybox":true,"showFlares":true,"showImageEffects":true,"showParticleSystems":true},"in2DMode":false,"pivot":{"x":-0.31190943717956545,"y":-6.24015998840332,"z":-20.826343536376954},"rotation":{"x":0.06857285648584366,"y":0.9068896770477295,"z":-0.16250702738761903,"w":0.38267967104911806},"size":3.579235553741455,"orthographic":false}