{"cameraMode":{"drawMode":0,"name":"Shaded","section":"Shading Mode"},"sceneLighting":false,"audioPlay":false,"sceneViewState":{"showFog":true,"showMaterialUpdate":false,"showSkybox":true,"showFlares":true,"showImageEffects":true,"showParticleSystems":true},"in2DMode":false,"pivot":{"x":-45.28943634033203,"y":-15.30000114440918,"z":-7.6229705810546879},"rotation":{"x":0.40190422534942629,"y":0.3254789412021637,"z":-0.15542159974575044,"w":0.8416547775268555},"size":12.894657135009766,"orthographic":false}