{"cameraMode":{"drawMode":0,"name":"Shaded","section":"Shading Mode"},"sceneLighting":false,"audioPlay":false,"sceneViewState":{"showFog":true,"showMaterialUpdate":false,"showSkybox":true,"showFlares":true,"showImageEffects":true,"showParticleSystems":true},"in2DMode":false,"pivot":{"x":0.45012056827545168,"y":0.07231563329696655,"z":-0.04852932691574097},"rotation":{"x":0.3500272333621979,"y":0.29066407680511477,"z":-0.1152188703417778,"w":0.883017897605896},"size":0.9000571966171265,"orthographic":false}