{"cameraMode":{"drawMode":0,"name":"Shaded","section":"Shading Mode"},"sceneLighting":false,"audioPlay":false,"sceneViewState":{"showFog":true,"showMaterialUpdate":false,"showSkybox":true,"showFlares":true,"showImageEffects":true,"showParticleSystems":true},"in2DMode":false,"pivot":{"x":1.1570121049880982,"y":0.0872761532664299,"z":-1.1161839962005616},"rotation":{"x":0.052720192819833758,"y":0.9462706446647644,"z":-0.20199677348136903,"w":0.2469731718301773},"size":5.483773231506348,"orthographic":false}