{"cameraMode":{"drawMode":0,"name":"Shaded","section":"Shading Mode"},"sceneLighting":false,"audioPlay":false,"sceneViewState":{"showFog":true,"showMaterialUpdate":false,"showSkybox":true,"showFlares":true,"showImageEffects":true,"showParticleSystems":true},"in2DMode":false,"pivot":{"x":-1.7510000467300416,"y":0.7586871385574341,"z":-0.0036228597164154054},"rotation":{"x":0.06857285648584366,"y":0.9068896770477295,"z":-0.16250702738761903,"w":0.38267967104911806},"size":3.579237222671509,"orthographic":false}