{"cameraMode":{"drawMode":0,"name":"Shaded","section":"Shading Mode"},"sceneLighting":false,"audioPlay":false,"sceneViewState":{"showFog":true,"showMaterialUpdate":false,"showSkybox":true,"showFlares":true,"showImageEffects":true,"showParticleSystems":true},"in2DMode":false,"pivot":{"x":-0.16280066967010499,"y":0.275206983089447,"z":-2.057400941848755},"rotation":{"x":-0.11014538258314133,"y":0.023261234164237977,"z":-0.0025958309415727855,"w":-0.9936604499816895},"size":2.8863213062286379,"orthographic":false}