{"cameraMode":{"drawMode":0,"name":"Shaded","section":"Shading Mode"},"sceneLighting":false,"audioPlay":false,"sceneViewState":{"showFog":true,"showMaterialUpdate":false,"showSkybox":true,"showFlares":true,"showImageEffects":true,"showParticleSystems":true},"in2DMode":false,"pivot":{"x":200.90423583984376,"y":7.144345283508301,"z":-111.50447845458985},"rotation":{"x":0.13767863810062409,"y":-0.3525906503200531,"z":0.05253094062209129,"w":0.924102783203125},"size":14.66337776184082,"orthographic":false}